codigo_articulo_proveedor,tipo_repuesto_id,valor,marca_id,fecha_costo,estado_id
1001-AC,1,445,2,2020-08-08,1
1003-ASN,1,732,2,2020-08-08,1
1005-ASN,1,680,2,2020-08-08,1
1007-A,1,580,2,2020-08-08,1
1010-A,1,290,2,2020-08-08,1
101-A 0.8,1,526,2,2020-08-08,1
103-A 0.4,1,873,2,2020-08-08,1
103-A 0.8,1,873,2,2020-08-08,1
103-A STD,1,873,2,2020-08-08,1
116-A,1,832,2,2020-08-08,1
1201-AN,1,577,2,2020-08-08,1
135-A,1,356,2,2020-08-08,1
1374-AC,1,1228,2,2020-08-08,1
1374-ACB 20,1,1092,2,2020-08-08,1
137-A+10,1,394,2,2020-08-08,1
137-A+15,1,594,2,2020-08-08,1
137-A+3,1,594,2,2020-08-08,1
137-AC,1,259,2,2020-08-08,1
137-AC+30,1,356,2,2020-08-08,1
137-AC+5,1,290,2,2020-08-08,1
1448-AP,1,709,2,2020-08-08,1
1498-ACP STD,1,1247,2,2020-08-08,1
1556-ACB 0.4,1,625,2,2020-08-08,1
1556-ACB 0.8,1,625,2,2020-08-08,1
1556-ACB 30 0.4,1,680,2,2020-08-08,1
1556-ACB 30 0.8,1,680,2,2020-08-08,1
1556-ACB 30 STD,1,680,2,2020-08-08,1
1556-ACB STD,1,625,2,2020-08-08,1
1557-ACB,1,559,2,2020-08-08,1
1557-ACB 30 0.4,1,689,2,2020-08-08,1
1557-ACB 30 0.8,1,689,2,2020-08-08,1
1557-ACB 30 STD,1,689,2,2020-08-08,1
1557-ACB C/O,1,549,2,2020-08-08,1
1567-ACP,1,1713,2,2020-08-08,1
1569-APS,1,2144,2,2020-08-08,1
1571-ABS,1,3954,2,2020-08-08,1
1573-ABS,1,1832,2,2020-08-08,1
157-A,1,516,2,2020-08-08,1
1646-ACS,1,684,2,2020-08-08,1
1645-ACS,1,760,2,2020-08-08,1
1647-AB,1,835,2,2020-08-08,1
1651-ACS,1,476,2,2020-08-08,1
167-A,1,294,2,2020-08-08,1
169-A,1,639,2,2020-08-08,1
172-A,1,604,2,2020-08-08,1
174-A,1,593,2,2020-08-08,1
175-AC,1,257,2,2020-08-08,1
176-AC,1,356,2,2020-08-08,1
1826-AC,1,360,2,2020-08-08,1
1828-AC,1,318,2,2020-08-08,1
1838-ACB 30,1,1741,2,2020-08-08,1
1839-ACB 0.4,1,1608,2,2020-08-08,1
1839-ACB STD,1,1098,2,2020-08-08,1
183-AE,1,3089,2,2020-08-08,1
1842-ACB,1,2476,2,2020-08-08,1
185-AE,1,2056,2,2020-08-08,1
191-A,1,574,2,2020-08-08,1
193-A+10,1,281,2,2020-08-08,1
193-A+20,1,575,2,2020-08-08,1
193-A+3,1,266,2,2020-08-08,1
193-A+30,1,739,2,2020-08-08,1
193-AC,1,249,2,2020-08-08,1
193-AC+15,1,281,2,2020-08-08,1
193-AC+5,1,266,2,2020-08-08,1
194-A,1,664,2,2020-08-08,1
194-A+10,1,412,2,2020-08-08,1
194-A+15,1,412,2,2020-08-08,1
194-A+5,1,732,2,2020-08-08,1
197-A,1,525,2,2020-08-08,1
197-A+10,1,812,2,2020-08-08,1
197-A+15,1,812,2,2020-08-08,1
197-A+30,1,921,2,2020-08-08,1
197-A+5,1,543,2,2020-08-08,1
20026-ACB30 0.4,1,773,2,2020-08-08,1
20026-ACB30 STD,1,773,2,2020-08-08,1
20226-ACB30 0.4,1,773,2,2020-08-08,1
20226-ACB30 STD,1,773,2,2020-08-08,1
20226-ACB45 0.4,1,780,2,2020-08-08,1
20226-ACB45 STD,1,780,2,2020-08-08,1
2026-AC 30 0.4,1,616,2,2020-08-08,1
2026-AC 30 0.8,1,616,2,2020-08-08,1
2026-AC 30 STD,1,616,2,2020-08-08,1
206-A,1,634,2,2020-08-08,1
217-A(USA),1,635,2,2020-08-08,1
224-AC 0.4,1,830,2,2020-08-08,1
224-AC 0.8,1,830,2,2020-08-08,1
224-AC STD,1,830,2,2020-08-08,1
226-AC 0.4,1,401,2,2020-08-08,1
226-AC 0.8,1,394,2,2020-08-08,1
226-AC STD,1,401,2,2020-08-08,1
229-AC 0.4,1,1179,2,2020-08-08,1
229-AC 0.8,1,1179,2,2020-08-08,1
229-AC STD,1,575,2,2020-08-08,1
23019-ACP,1,1506,2,2020-08-08,1
23029-ACB,1,897,2,2020-08-08,1
23209-AP,1,1542,2,2020-08-08,1
23229-ABS,1,1750,2,2020-08-08,1
23293-AP,1,497,2,2020-08-08,1
23394-ACB,1,1171,2,2020-08-08,1
244-A,1,770,2,2020-08-08,1
246-AC 0.4,1,747,2,2020-08-08,1
246-AC 0.8,1,747,2,2020-08-08,1
246-AC STD,1,747,2,2020-08-08,1
247-A 0.4,1,222,2,2020-08-08,1
247-A 0.8,1,222,2,2020-08-08,1
247-A C/P,1,222,2,2020-08-08,1
247-A STD,1,222,2,2020-08-08,1
249-AC 0.4,1,284,2,2020-08-08,1
249-AC 0.8,1,284,2,2020-08-08,1
249-AC STD,1,284,2,2020-08-08,1
249-AC+10 STD,1,589,2,2020-08-08,1
249-AC+15 STD,1,589,2,2020-08-08,1
250-AMF,1,304,2,2020-08-08,1
252-A STD,1,921,2,2020-08-08,1
256-A,1,591,2,2020-08-08,1
258-A,1,288,2,2020-08-08,1
260-A,1,865,2,2020-08-08,1
274-A,1,477,2,2020-08-08,1
274-A+10,1,330,2,2020-08-08,1
274-A+15,1,552,2,2020-08-08,1
274-A+30,1,691,2,2020-08-08,1
274-A+5,1,293,2,2020-08-08,1
280-A,1,359,2,2020-08-08,1
280-A+15,1,767,2,2020-08-08,1
280-A+30,1,644,2,2020-08-08,1
280-A+5,1,729,2,2020-08-08,1
281-AC,1,384,2,2020-08-08,1
282-AC,1,763,2,2020-08-08,1
286-AC 0.4,1,2286,2,2020-08-08,1
286-AC 0.8,1,2402,2,2020-08-08,1
286-AC STD,1,1715,2,2020-08-08,1
287-AC,1,620,2,2020-08-08,1
291-AC,1,342,2,2020-08-08,1
291-AC+10,1,719,2,2020-08-08,1
291-AC+15,1,777,2,2020-08-08,1
291-AC+3,1,707,2,2020-08-08,1
291-AC+5,1,519,2,2020-08-08,1
292-AC,1,284,2,2020-08-08,1
294-AC,1,268,2,2020-08-08,1
297-AC,1,418,2,2020-08-08,1
297-AC+10,1,722,2,2020-08-08,1
297-AC+15,1,827,2,2020-08-08,1
297-AC+30,1,884,2,2020-08-08,1
297-AC+5,1,566,2,2020-08-08,1
3005-A,1,463,2,2020-08-08,1
3006-AC,1,456,2,2020-08-08,1
3007-A,1,291,2,2020-08-08,1
3008-AC,1,1359,2,2020-08-08,1
3009-AC,1,700,2,2020-08-08,1
3009-AC+3,1,371,2,2020-08-08,1
3010-A,1,767,2,2020-08-08,1
3012-AC,1,328,2,2020-08-08,1
3016-AC,1,359,2,2020-08-08,1
3016-AC+15,1,845,2,2020-08-08,1
3016-AC+3,1,771,2,2020-08-08,1
3020-AC,1,384,2,2020-08-08,1
3020-AC+15,1,422,2,2020-08-08,1
3028-AC,1,978,2,2020-08-08,1
3036-A,1,410,2,2020-08-08,1
303-AC,1,312,2,2020-08-08,1
3040-AC,1,452,2,2020-08-08,1
3040-AC+10,1,527,2,2020-08-08,1
3040-AC+15,1,527,2,2020-08-08,1
3040-AC+3,1,543,2,2020-08-08,1
3040-AC+5,1,474,2,2020-08-08,1
3094-AC,1,311,2,2020-08-08,1
3096-AC,1,645,2,2020-08-08,1
3104-AC,1,1402,2,2020-08-08,1
3106-A,1,398,2,2020-08-08,1
3107-AN,1,635,2,2020-08-08,1
3108-AC,1,897,2,2020-08-08,1
3109-AC,1,408,2,2020-08-08,1
310-AC,1,626,2,2020-08-08,1
310-AC+10,1,401,2,2020-08-08,1
310-AC+5,1,379,2,2020-08-08,1
3110-AC,1,431,2,2020-08-08,1
3112-AC,1,807,2,2020-08-08,1
3115-AN,1,1018,2,2020-08-08,1
3124-AC,1,619,2,2020-08-08,1
3136-AC,1,334,2,2020-08-08,1
3138-AC,1,345,2,2020-08-08,1
313-AC,1,1188,2,2020-08-08,1
3140-AC,1,425,2,2020-08-08,1
3142-AC,1,525,2,2020-08-08,1
3146-AC,1,292,2,2020-08-08,1
3148-AC,1,1067,2,2020-08-08,1
314-AC,1,1036,2,2020-08-08,1
3150-AB,1,420,2,2020-08-08,1
3154-AN,1,910,2,2020-08-08,1
3158-AC,1,345,2,2020-08-08,1
315-A,1,927,2,2020-08-08,1
3160-AN,1,514,2,2020-08-08,1
3162-AC,1,967,2,2020-08-08,1
3162-AC+15,1,540,2,2020-08-08,1
3164-AC,1,546,2,2020-08-08,1
3168-A,1,334,2,2020-08-08,1
3184-AN,1,1092,2,2020-08-08,1
3190-ABS,1,1047,2,2020-08-08,1
3192-AC,1,618,2,2020-08-08,1
3196-A,1,352,2,2020-08-08,1
3210-A,1,851,2,2020-08-08,1
3210-AS,1,868,2,2020-08-08,1
3218-A,1,393,2,2020-08-08,1
3231-AN,1,466,2,2020-08-08,1
3234-AC,1,361,2,2020-08-08,1
3236-A,1,1078,2,2020-08-08,1
3238-A,1,357,2,2020-08-08,1
3240-A,1,487,2,2020-08-08,1
3241-AC,1,303,2,2020-08-08,1
3241-AC 0.4,1,303,2,2020-08-08,1
3241-AC STD,1,298,2,2020-08-08,1
3241-AC STD,1,298,2,2020-08-08,1
3242-A,1,331,2,2020-08-08,1
3251-AC,1,785,2,2020-08-08,1
3260-AC STD(M),1,529,2,2020-08-08,1
3260-ACB 0.4,1,529,2,2020-08-08,1
3260-ACB 0.8,1,529,2,2020-08-08,1
3260-ACB 20 STD,1,568,2,2020-08-08,1
3260-ACB STD,1,529,2,2020-08-08,1
3262-AC STD,1,539,2,2020-08-08,1
3271-AC STD,1,2053,2,2020-08-08,1
3275-AN,1,612,2,2020-08-08,1
3278-AN,1,700,2,2020-08-08,1
3282-AN,1,535,2,2020-08-08,1
328-A,1,908,2,2020-08-08,1
3291-AN,1,972,2,2020-08-08,1
3294-A,1,1031,2,2020-08-08,1
3296-AN,1,741,2,2020-08-08,1
3298-AN,1,262,2,2020-08-08,1
329-A,1,460,2,2020-08-08,1
329-A+15,1,1019,2,2020-08-08,1
329-A+3,1,971,2,2020-08-08,1
3301-A,1,338,2,2020-08-08,1
3304-A,1,284,2,2020-08-08,1
3305-A,1,770,2,2020-08-08,1
3308-AC,1,297,2,2020-08-08,1
330-AC,1,531,2,2020-08-08,1
3310-A,1,859,2,2020-08-08,1
3312-A,1,368,2,2020-08-08,1
3313-A,1,444,2,2020-08-08,1
3316-AC,1,318,2,2020-08-08,1
331-AC,1,830,2,2020-08-08,1
3320-AC,1,517,2,2020-08-08,1
3324-AC 0.4,1,419,2,2020-08-08,1
3324-AC STD,1,419,2,2020-08-08,1
3326-A,1,1098,2,2020-08-08,1
332-AC,1,418,2,2020-08-08,1
332-AC+15,1,845,2,2020-08-08,1
332-AC+3,1,786,2,2020-08-08,1
332-AC+5,1,908,2,2020-08-08,1
3332-A,1,710,2,2020-08-08,1
3332-A+3,1,1571,2,2020-08-08,1
3334-AC,1,564,2,2020-08-08,1
3042-AC,1,380,2,2020-08-08,1
3042-AC+15,1,831,2,2020-08-08,1
3044-AC,1,1233,2,2020-08-08,1
3046-AC,1,389,2,2020-08-08,1
3050-AC,1,816,2,2020-08-08,1
3052-AC,1,455,2,2020-08-08,1
3054-AC,1,478,2,2020-08-08,1
3054-AC+5,1,980,2,2020-08-08,1
3056-A,1,610,2,2020-08-08,1
3058-A,1,389,2,2020-08-08,1
3060-AC,1,367,2,2020-08-08,1
3062-AC,1,336,2,2020-08-08,1
3064-AC,1,338,2,2020-08-08,1
3066-AC,1,331,2,2020-08-08,1
3068-AC,1,381,2,2020-08-08,1
3070-AC,1,532,2,2020-08-08,1
3074-AC,1,463,2,2020-08-08,1
3082-AC,1,844,2,2020-08-08,1
3084-AC,1,471,2,2020-08-08,1
3086-A,1,909,2,2020-08-08,1
3090-AC,1,395,2,2020-08-08,1
3092-AC,1,451,2,2020-08-08,1
3342-AC,1,439,2,2020-08-08,1
3344-ACB,1,431,2,2020-08-08,1
3348-A,1,1025,2,2020-08-08,1
3350-A,1,647,2,2020-08-08,1
3352-A,1,622,2,2020-08-08,1
3354-AN,1,1296,2,2020-08-08,1
3356-A,1,1029,2,2020-08-08,1
3358-A,1,545,2,2020-08-08,1
3380-A,1,1092,2,2020-08-08,1
3382-AN,1,965,2,2020-08-08,1
3384-AC,1,448,2,2020-08-08,1
3386-AC,1,1208,2,2020-08-08,1
3388-ACB,1,442,2,2020-08-08,1
3390-AC,1,413,2,2020-08-08,1
3392-AC,1,372,2,2020-08-08,1
3406-AN,1,660,2,2020-08-08,1
3408-AC,1,266,2,2020-08-08,1
3410-AN,1,942,2,2020-08-08,1
3416-AC,1,330,2,2020-08-08,1
3418-AC,1,1132,2,2020-08-08,1
3420-AB,1,575,2,2020-08-08,1
3422-AC,1,474,2,2020-08-08,1
3426-AC,1,388,2,2020-08-08,1
3430-A,1,1268,2,2020-08-08,1
3432-A,1,1010,2,2020-08-08,1
3434-AN,1,830,2,2020-08-08,1
3438-A,1,982,2,2020-08-08,1
3440-AN,1,458,2,2020-08-08,1
3442-AN,1,1229,2,2020-08-08,1
3446-AC,1,928,2,2020-08-08,1
3448-A,1,1410,2,2020-08-08,1
344-AC,1,556,2,2020-08-08,1
3452-A,1,302,2,2020-08-08,1
3454-AN,1,388,2,2020-08-08,1
3458-AN,1,444,2,2020-08-08,1
3462-AN,1,482,2,2020-08-08,1
3464-AN,1,363,2,2020-08-08,1
3466-AC 0.4,1,393,2,2020-08-08,1
3466-AC 0.8,1,393,2,2020-08-08,1
3466-AC STD,1,393,2,2020-08-08,1
3466-AC+15 STD,1,387,2,2020-08-08,1
3466-AC+5 STD,1,451,2,2020-08-08,1
3468-AN,1,466,2,2020-08-08,1
3470-AC,1,394,2,2020-08-08,1
3482-AB,1,1064,2,2020-08-08,1
3484-A,1,338,2,2020-08-08,1
3486-A,1,348,2,2020-08-08,1
3488-AS,1,379,2,2020-08-08,1
3490-AN,1,918,2,2020-08-08,1
3496-A,1,1371,2,2020-08-08,1
3498-A,1,728,2,2020-08-08,1
3498-AC,1,728,2,2020-08-08,1
349-A,1,1368,2,2020-08-08,1
3500-AC,1,383,2,2020-08-08,1
3508-A,1,501,2,2020-08-08,1
3510-ACB,1,428,2,2020-08-08,1
3512-A,1,415,2,2020-08-08,1
3514-AC,1,379,2,2020-08-08,1
3516-AC,1,1733,2,2020-08-08,1
351-A,1,880,2,2020-08-08,1
3520-AN,1,474,2,2020-08-08,1
3522-AN,1,343,2,2020-08-08,1
3524-A,1,399,2,2020-08-08,1
3526-A,1,368,2,2020-08-08,1
3528-AN,1,1040,2,2020-08-08,1
3532-AN,1,975,2,2020-08-08,1
3534-AC,1,1353,2,2020-08-08,1
3538-AC,1,518,2,2020-08-08,1
3540-A,1,379,2,2020-08-08,1
3542-A,1,414,2,2020-08-08,1
3544-A,1,474,2,2020-08-08,1
3546-AC,1,404,2,2020-08-08,1
3548-APN,1,1042,2,2020-08-08,1
3558-AC,1,409,2,2020-08-08,1
3560-AB,1,602,2,2020-08-08,1
3564-A,1,450,2,2020-08-08,1
3570-AN,1,487,2,2020-08-08,1
3576-A,1,768,2,2020-08-08,1
3578-AC,1,500,2,2020-08-08,1
3580-AN,1,451,2,2020-08-08,1
3584-ACBS,1,1194,2,2020-08-08,1
3586-ACB,1,404,2,2020-08-08,1
3594-AN,1,557,2,2020-08-08,1
3598-A,1,379,2,2020-08-08,1
3600-AC,1,427,2,2020-08-08,1
3602-A,1,382,2,2020-08-08,1
3612-AC,1,1331,2,2020-08-08,1
3614-AC,1,1074,2,2020-08-08,1
3616-A,1,334,2,2020-08-08,1
3618-AC,1,635,2,2020-08-08,1
3618-AC+15,1,691,2,2020-08-08,1
3618-AC+30,1,1461,2,2020-08-08,1
3620-A,1,285,2,2020-08-08,1
3624-AC,1,359,2,2020-08-08,1
3626-A,1,833,2,2020-08-08,1
3628-AN,1,678,2,2020-08-08,1
3630-AN,1,742,2,2020-08-08,1
3632-AC,1,774,2,2020-08-08,1
363-AC,1,270,2,2020-08-08,1
3642-AC,1,907,2,2020-08-08,1
3654-A,1,487,2,2020-08-08,1
3658-AN,1,429,2,2020-08-08,1
3662-ACB,1,817,2,2020-08-08,1
366-AB,1,1115,2,2020-08-08,1
3674-AC,1,1039,2,2020-08-08,1
367-AC,1,365,2,2020-08-08,1
367-AC+10,1,445,2,2020-08-08,1
367-AC+15,1,570,2,2020-08-08,1
367-AC+30,1,852,2,2020-08-08,1
367-AC+5,1,378,2,2020-08-08,1
3700-AC,1,1008,2,2020-08-08,1
3704-AC,1,446,2,2020-08-08,1
3706-AC,1,503,2,2020-08-08,1
3710-AC,1,987,2,2020-08-08,1
3714-A,1,405,2,2020-08-08,1
3716-AC,1,490,2,2020-08-08,1
3718-AN,1,1235,2,2020-08-08,1
3720-AN,1,580,2,2020-08-08,1
3726-AC,1,643,2,2020-08-08,1
3730-AC,1,1286,2,2020-08-08,1
3736-AC,1,437,2,2020-08-08,1
3738-AN,1,520,2,2020-08-08,1
3760-AC,1,936,2,2020-08-08,1
3764-AN,1,1371,2,2020-08-08,1
3766-AN,1,1371,2,2020-08-08,1
3770-AN,1,1468,2,2020-08-08,1
3772-APN,1,486,2,2020-08-08,1
3774-AC,1,883,2,2020-08-08,1
3778-AN,1,616,2,2020-08-08,1
3782-AC,1,665,2,2020-08-08,1
3784-ACB,1,1691,2,2020-08-08,1
3786-A,1,431,2,2020-08-08,1
3788-AN,1,655,2,2020-08-08,1
378-AC,1,2108,2,2020-08-08,1
3794-AN,1,535,2,2020-08-08,1
3796-AN,1,483,2,2020-08-08,1
3798-A,1,298,2,2020-08-08,1
3800-AC,1,363,2,2020-08-08,1
3802-ACB,1,1554,2,2020-08-08,1
3806-AC,1,373,2,2020-08-08,1
3808-A,1,320,2,2020-08-08,1
380-AC,1,274,2,2020-08-08,1
3810-AC,1,799,2,2020-08-08,1
3812-AN,1,489,2,2020-08-08,1
3814-AC,1,369,2,2020-08-08,1
3816-AN,1,374,2,2020-08-08,1
3818-AN,1,431,2,2020-08-08,1
381-AC 0.4,1,370,2,2020-08-08,1
381-AC 0.8,1,474,2,2020-08-08,1
381-AC STD,1,323,2,2020-08-08,1
3820-AN,1,1163,2,2020-08-08,1
3826-AN,1,1177,2,2020-08-08,1
3822-AN,1,401,2,2020-08-08,1
3824-AN,1,1017,2,2020-08-08,1
3828-AN,1,568,2,2020-08-08,1
382-AC,1,826,2,2020-08-08,1
3830-AC,1,380,2,2020-08-08,1
3836-AN,1,524,2,2020-08-08,1
3834-AC,1,464,2,2020-08-08,1
3842-A,1,362,2,2020-08-08,1
3838-AN,1,284,2,2020-08-08,1
3844-AC,1,334,2,2020-08-08,1
3840-AN,1,455,2,2020-08-08,1
3846-ACB,1,386,2,2020-08-08,1
3848-AP,1,623,2,2020-08-08,1
384-A,1,527,2,2020-08-08,1
3850-AC,1,1019,2,2020-08-08,1
3852-AC,1,569,2,2020-08-08,1
3854-AN,1,554,2,2020-08-08,1
3856-AC,1,410,2,2020-08-08,1
3858-ACB,1,417,2,2020-08-08,1
3860-A,1,297,2,2020-08-08,1
3862-A,1,316,2,2020-08-08,1
3864-A,1,328,2,2020-08-08,1
3868-A,1,307,2,2020-08-08,1
3870-A,1,326,2,2020-08-08,1
3872-A,1,1109,2,2020-08-08,1
3876-AN,1,428,2,2020-08-08,1
3880-AN,1,362,2,2020-08-08,1
3882-AN,1,376,2,2020-08-08,1
3884-A,1,348,2,2020-08-08,1
3886-A,1,335,2,2020-08-08,1
3888-AC,1,1253,2,2020-08-08,1
3890-AN,1,924,2,2020-08-08,1
3892-AN,1,900,2,2020-08-08,1
3894-AN,1,930,2,2020-08-08,1
3896-AN,1,409,2,2020-08-08,1
3904-AC,1,368,2,2020-08-08,1
3910-AN,1,540,2,2020-08-08,1
3912-AC,1,268,2,2020-08-08,1
3914-ACB,1,733,2,2020-08-08,1
3918-AC,1,688,2,2020-08-08,1
3920-AC,1,807,2,2020-08-08,1
3922-ACB,1,1209,2,2020-08-08,1
3924-A,1,1134,2,2020-08-08,1
3926-ACB,1,2378,2,2020-08-08,1
3928-AX,1,2337,2,2020-08-08,1
3932-AN,1,462,2,2020-08-08,1
3934-AN,1,391,2,2020-08-08,1
3930-AN,1,394,2,2020-08-08,1
3936-AN,1,430,2,2020-08-08,1
3938-A,1,680,2,2020-08-08,1
3954-AC,1,425,2,2020-08-08,1
3940-AC 0.4,1,559,2,2020-08-08,1
3940-AC STD,1,549,2,2020-08-08,1
3942-AN,1,387,2,2020-08-08,1
3952-AN,1,217,2,2020-08-08,1
3946-AN,1,863,2,2020-08-08,1
3950-AN,1,310,2,2020-08-08,1
3948-AN,1,904,2,2020-08-08,1
3958-A,1,768,2,2020-08-08,1
3956-AC,1,391,2,2020-08-08,1
3960-AN,1,808,2,2020-08-08,1
3962-AN,1,409,2,2020-08-08,1
3964-APN,1,532,2,2020-08-08,1
3970-AN,1,243,2,2020-08-08,1
3974-AN,1,318,2,2020-08-08,1
3972-A,1,771,2,2020-08-08,1
3976-AC,1,359,2,2020-08-08,1
3976-AC+10,1,405,2,2020-08-08,1
3978-AC,1,434,2,2020-08-08,1
3980-AC,1,1553,2,2020-08-08,1
3984-AN,1,313,2,2020-08-08,1
3998-AC,1,391,2,2020-08-08,1
4000-ACB,1,2905,2,2020-08-08,1
4002-AN,1,456,2,2020-08-08,1
4004-AC,1,453,2,2020-08-08,1
4006-AC,1,505,2,2020-08-08,1
4008-AC,1,380,2,2020-08-08,1
4010-A,1,415,2,2020-08-08,1
4012-AX,1,2164,2,2020-08-08,1
4014-AC,1,638,2,2020-08-08,1
4016-AN,1,616,2,2020-08-08,1
4022-AC,1,414,2,2020-08-08,1
4024-AC,1,414,2,2020-08-08,1
4026-AN,1,1333,2,2020-08-08,1
4018-AN,1,493,2,2020-08-08,1
4032-AN,1,1569,2,2020-08-08,1
4038-AN,1,716,2,2020-08-08,1
4034-AN,1,761,2,2020-08-08,1
4036-AN,1,643,2,2020-08-08,1
4042-AC,1,571,2,2020-08-08,1
4080-AN,1,478,2,2020-08-08,1
4046-AN,1,1524,2,2020-08-08,1
4078-AC,1,1492,2,2020-08-08,1
4054-AC,1,477,2,2020-08-08,1
4066-A,1,554,2,2020-08-08,1
4056-AC,1,1074,2,2020-08-08,1
4062-AN,1,503,2,2020-08-08,1
4058-AC,1,1527,2,2020-08-08,1
4060-AN,1,720,2,2020-08-08,1
4082-A,1,354,2,2020-08-08,1
4088-AC,1,608,2,2020-08-08,1
4094-AC,1,1002,2,2020-08-08,1
4094-AX,1,3744,2,2020-08-08,1
4096-AC,1,519,2,2020-08-08,1
4110-AC,1,841,2,2020-08-08,1
4100-A,1,938,2,2020-08-08,1
4104-A,1,569,2,2020-08-08,1
4112-AC,1,551,2,2020-08-08,1
4144-A,1,655,2,2020-08-08,1
4116-A,1,725,2,2020-08-08,1
4142-A,1,977,2,2020-08-08,1
4118-A,1,327,2,2020-08-08,1
4136-A,1,498,2,2020-08-08,1
4120-AN,1,572,2,2020-08-08,1
4134-A,1,535,2,2020-08-08,1
4124-A,1,826,2,2020-08-08,1
4132-A,1,513,2,2020-08-08,1
4128-AN,1,637,2,2020-08-08,1
4154-AC,1,551,2,2020-08-08,1
4184-AN,1,335,2,2020-08-08,1
4156-AC,1,551,2,2020-08-08,1
4164-AN,1,871,2,2020-08-08,1
4182-AN,1,1098,2,2020-08-08,1
4166-AN,1,855,2,2020-08-08,1
4170-AN,1,518,2,2020-08-08,1
4186-AC,1,1681,2,2020-08-08,1
4186-AC+15,1,2014,2,2020-08-08,1
4188-ACB,1,1838,2,2020-08-08,1
4192-AC,1,909,2,2020-08-08,1
4204-ACB,1,923,2,2020-08-08,1
418-A,1,802,2,2020-08-08,1
418-A+15,1,869,2,2020-08-08,1
4190-AN,1,335,2,2020-08-08,1
4208-AC,1,710,2,2020-08-08,1
422-AC,1,447,2,2020-08-08,1
420-A,1,861,2,2020-08-08,1
4210-AX,1,637,2,2020-08-08,1
4228-AN,1,673,2,2020-08-08,1
4218-AX,1,1344,2,2020-08-08,1
4226-A,1,501,2,2020-08-08,1
421-A,1,334,2,2020-08-08,1
421-AC,1,334,2,2020-08-08,1
4220-A,1,605,2,2020-08-08,1
4222-AN,1,438,2,2020-08-08,1
4230-AN,1,613,2,2020-08-08,1
4256-AC,1,369,2,2020-08-08,1
4232-AN,1,544,2,2020-08-08,1
4248-AN,1,424,2,2020-08-08,1
4234-AN,1,535,2,2020-08-08,1
4246-AC,1,514,2,2020-08-08,1
4236-AN,1,594,2,2020-08-08,1
4242-AX,1,1079,2,2020-08-08,1
4238-ACB,1,635,2,2020-08-08,1
4240-ACB,1,574,2,2020-08-08,1
4252-A,1,381,2,2020-08-08,1
4252-AN,1,429,2,2020-08-08,1
4258-AN,1,438,2,2020-08-08,1
431-AN,1,640,2,2020-08-08,1
4322-AX,1,1007,2,2020-08-08,1
4274-A,1,507,2,2020-08-08,1
4330-AN,1,383,2,2020-08-08,1
4280-AN,1,816,2,2020-08-08,1
4328-AN,1,374,2,2020-08-08,1
4282-AN,1,400,2,2020-08-08,1
4326-AC,1,611,2,2020-08-08,1
4292-AC,1,842,2,2020-08-08,1
4302-AN,1,490,2,2020-08-08,1
4294-AN,1,600,2,2020-08-08,1
4332-AN,1,442,2,2020-08-08,1
4340-AN,1,544,2,2020-08-08,1
4334-AN,1,465,2,2020-08-08,1
4338-AN,1,383,2,2020-08-08,1
4336-AC,1,365,2,2020-08-08,1
4342-AN,1,534,2,2020-08-08,1
4344-AN,1,525,2,2020-08-08,1
4352-ACB,1,453,2,2020-08-08,1
4358-AC,1,428,2,2020-08-08,1
4368-AN,1,402,2,2020-08-08,1
4360-AN,1,662,2,2020-08-08,1
4372-AC,1,446,2,2020-08-08,1
4398-AN,1,655,2,2020-08-08,1
4374-A,1,408,2,2020-08-08,1
4388-AC,1,491,2,2020-08-08,1
4382-AC,1,446,2,2020-08-08,1
4386-A,1,535,2,2020-08-08,1
4384-AN,1,354,2,2020-08-08,1
438-AC,1,737,2,2020-08-08,1
4390-AC,1,582,2,2020-08-08,1
4394-AN,1,1140,2,2020-08-08,1
4396-ACB,1,736,2,2020-08-08,1
4400-AN,1,502,2,2020-08-08,1
4458-A,1,749,2,2020-08-08,1
4402-AN,1,462,2,2020-08-08,1
4456-AC,1,749,2,2020-08-08,1
4404-A,1,970,2,2020-08-08,1
4436-AN,1,384,2,2020-08-08,1
4406-A,1,970,2,2020-08-08,1
4416-A,1,342,2,2020-08-08,1
4408-AX,1,627,2,2020-08-08,1
440-AN,1,713,2,2020-08-08,1
443-AC,1,881,2,2020-08-08,1
4454-AN,1,482,2,2020-08-08,1
4460-AC,1,801,2,2020-08-08,1
4482-AN,1,533,2,2020-08-08,1
4462-AC,1,786,2,2020-08-08,1
4478-AC,1,503,2,2020-08-08,1
4464-AC,1,619,2,2020-08-08,1
4466-AC,1,469,2,2020-08-08,1
4474-A,1,584,2,2020-08-08,1
4468-AC,1,695,2,2020-08-08,1
4472-ACB,1,1310,2,2020-08-08,1
4470-AC,1,783,2,2020-08-08,1
4484-AN,1,533,2,2020-08-08,1
4508-AN,1,1164,2,2020-08-08,1
4488-AN,1,549,2,2020-08-08,1
4504-AX,1,1467,2,2020-08-08,1
4492-AN,1,671,2,2020-08-08,1
4502-AN,1,805,2,2020-08-08,1
4494-A,1,499,2,2020-08-08,1
4496-AN,1,476,2,2020-08-08,1
449-A,1,924,2,2020-08-08,1
4500-AN,1,487,2,2020-08-08,1
452-A,1,286,2,2020-08-08,1
4530-AC,1,381,2,2020-08-08,1
453-A,1,318,2,2020-08-08,1
4542-AN,1,425,2,2020-08-08,1
455-A,1,257,2,2020-08-08,1
4576-AN,1,392,2,2020-08-08,1
457-AC,1,978,2,2020-08-08,1
458-A,1,928,2,2020-08-08,1
460-AN,1,270,2,2020-08-08,1
461-A,1,218,2,2020-08-08,1
462-A,1,567,2,2020-08-08,1
467-AN,1,954,2,2020-08-08,1
468-A,1,1229,2,2020-08-08,1
475-AC,1,464,2,2020-08-08,1
475-AC+5,1,952,2,2020-08-08,1
476-AC,1,1144,2,2020-08-08,1
484-A,1,1040,2,2020-08-08,1
487-A,1,420,2,2020-08-08,1
487-A+15,1,1029,2,2020-08-08,1
487-A+3,1,975,2,2020-08-08,1
489-AC,1,1798,2,2020-08-08,1
504-A 0.4,1,1361,2,2020-08-08,1
504-A 0.8,1,1361,2,2020-08-08,1
504-A STD,1,721,2,2020-08-08,1
506-A STD,1,1475,2,2020-08-08,1
508-A 0.4,1,488,2,2020-08-08,1
508-A 0.8,1,893,2,2020-08-08,1
508-A STD,1,938,2,2020-08-08,1
513-A,1,401,2,2020-08-08,1
517-A 0.4,1,1405,2,2020-08-08,1
517-A 0.8,1,1405,2,2020-08-08,1
517-A STD,1,1405,2,2020-08-08,1
519-A 0.4,1,1659,2,2020-08-08,1
519-A 0.8,1,1609,2,2020-08-08,1
519-A STD,1,2213,2,2020-08-08,1
523-A,1,2478,2,2020-08-08,1
529-AE 0.4,1,945,2,2020-08-08,1
529-AE STD,1,945,2,2020-08-08,1
532-A,1,1375,2,2020-08-08,1
540-A 0.4,1,2025,2,2020-08-08,1
540-A 0.8,1,2025,2,2020-08-08,1
540-A STD,1,2025,2,2020-08-08,1
521-A,1,1948,2,2020-08-08,1
544-A,1,1052,2,2020-08-08,1
544-A C/G,1,1052,2,2020-08-08,1
547-A 0.4,1,2244,2,2020-08-08,1
547-A 0.8,1,2176,2,2020-08-08,1
547-A STD,1,2244,2,2020-08-08,1
549-A 0.4,1,1747,2,2020-08-08,1
549-A 0.8,1,974,2,2020-08-08,1
549-A STD,1,1310,2,2020-08-08,1
550-AC 0.4,1,997,2,2020-08-08,1
550-AC 0.8,1,997,2,2020-08-08,1
550-AC STD,1,997,2,2020-08-08,1
550-AC+15 0.4,1,624,2,2020-08-08,1
550-AC+15 0.8,1,624,2,2020-08-08,1
550-AC+15 STD,1,624,2,2020-08-08,1
550-AC+5 0.4,1,501,2,2020-08-08,1
550-AC+5 0.8,1,561,2,2020-08-08,1
550-AC+5 STD,1,590,2,2020-08-08,1
561-AC,1,1782,2,2020-08-08,1
565-AC,1,578,2,2020-08-08,1
570-A,1,1847,2,2020-08-08,1
573-A,1,806,2,2020-08-08,1
582-AC 0.4,1,1486,2,2020-08-08,1
582-AC 0.8,1,1389,2,2020-08-08,1
582-AC STD,1,1342,2,2020-08-08,1
594-A,1,867,2,2020-08-08,1
596-A 0.4,1,254,2,2020-08-08,1
596-A 0.8,1,254,2,2020-08-08,1
596-A STD,1,254,2,2020-08-08,1
804-AN,1,837,2,2020-08-08,1
805-A,1,662,2,2020-08-08,1
806-A,1,1070,2,2020-08-08,1
807-A,1,621,2,2020-08-08,1
809-A,1,532,2,2020-08-08,1
811-AC,1,1040,2,2020-08-08,1
814-AC,1,449,2,2020-08-08,1
815-AC,1,331,2,2020-08-08,1
816-AC,1,803,2,2020-08-08,1
824-AC,1,2265,2,2020-08-08,1
825-A,1,414,2,2020-08-08,1
829-AN,1,469,2,2020-08-08,1
831-A,1,986,2,2020-08-08,1
832-AN,1,456,2,2020-08-08,1
835-AN,1,780,2,2020-08-08,1
837-A,1,791,2,2020-08-08,1
840-AN,1,1037,2,2020-08-08,1
841-A,1,455,2,2020-08-08,1
843-AC 0.4,1,816,2,2020-08-08,1
843-AC STD,1,751,2,2020-08-08,1
844-A,1,448,2,2020-08-08,1
845-AN,1,433,2,2020-08-08,1
847-AN,1,511,2,2020-08-08,1
848-AN,1,896,2,2020-08-08,1
855-AC,1,257,2,2020-08-08,1
856-AC,1,257,2,2020-08-08,1
860-AC STD,1,1649,2,2020-08-08,1
863-AC,1,1411,2,2020-08-08,1
865-AC,1,756,2,2020-08-08,1
